{"cameraMode":{"drawMode":0,"name":"Shaded","section":"Shading Mode"},"sceneLighting":false,"audioPlay":false,"sceneViewState":{"m_AlwaysRefresh":false,"showFog":true,"showSkybox":false,"showFlares":true,"showImageEffects":true,"showParticleSystems":true,"showVisualEffectGraphs":true,"m_FxEnabled":true},"in2DMode":false,"pivot":{"x":0.01221621036529541,"y":0.11518464982509613,"z":0.0067397356033325199},"rotation":{"x":0.001151799107901752,"y":0.25863128900527956,"z":0.0002984368766192347,"w":-0.9659963846206665},"size":0.988278865814209,"orthographic":false}